index,date,tool,count
7,2007-06,checkpatch,1
9,2007-08,checkpatch,1
11,2008-02,checkpatch,2
12,2008-04,checkpatch,2
14,2008-07,checkpatch,1
17,2008-11,checkpatch,1
29,2010-02,checkpatch,4
30,2010-03,checkpatch,6
31,2010-04,checkpatch,2
32,2010-05,checkpatch,6
34,2010-07,checkpatch,2
35,2010-08,checkpatch,1
37,2010-10,checkpatch,2
46,2011-07,checkpatch,4
48,2011-10,checkpatch,2
49,2011-12,checkpatch,2
50,2012-02,checkpatch,1
51,2012-03,checkpatch,3
52,2012-04,checkpatch,1
53,2012-06,checkpatch,1
57,2012-10,checkpatch,4
61,2013-02,checkpatch,1
64,2013-05,checkpatch,21
65,2013-06,checkpatch,1
66,2013-07,checkpatch,1
68,2013-09,checkpatch,3
69,2013-10,checkpatch,13
70,2013-11,checkpatch,2
71,2013-12,checkpatch,11
72,2014-01,checkpatch,8
73,2014-02,checkpatch,6
74,2014-03,checkpatch,5
75,2014-04,checkpatch,2
76,2014-05,checkpatch,2
77,2014-06,checkpatch,1
78,2014-07,checkpatch,2
79,2014-08,checkpatch,2
80,2014-09,checkpatch,18
81,2014-10,checkpatch,2
82,2014-11,checkpatch,2
83,2014-12,checkpatch,1
84,2015-01,checkpatch,4
85,2015-02,checkpatch,14
86,2015-03,checkpatch,26
87,2015-04,checkpatch,1
88,2015-05,checkpatch,2
89,2015-06,checkpatch,8
90,2015-07,checkpatch,4
91,2015-08,checkpatch,6
92,2015-09,checkpatch,6
93,2015-10,checkpatch,19
94,2015-11,checkpatch,17
95,2015-12,checkpatch,2
96,2016-01,checkpatch,5
97,2016-02,checkpatch,16
98,2016-03,checkpatch,6
99,2016-04,checkpatch,2
100,2016-05,checkpatch,1
0,2005-08,coverity,2
2,2006-03,coverity,3
3,2006-04,coverity,2
4,2006-09,coverity,1
5,2006-10,coverity,1
6,2007-05,coverity,3
8,2007-07,coverity,2
10,2007-10,coverity,1
33,2010-06,coverity,2
45,2011-06,coverity,1
50,2012-02,coverity,2
53,2012-06,coverity,7
56,2012-09,coverity,1
61,2013-02,coverity,1
64,2013-05,coverity,1
66,2013-07,coverity,5
67,2013-08,coverity,3
68,2013-09,coverity,2
69,2013-10,coverity,3
70,2013-11,coverity,1
71,2013-12,coverity,2
72,2014-01,coverity,2
73,2014-02,coverity,2
74,2014-03,coverity,1
75,2014-04,coverity,6
79,2014-08,coverity,2
80,2014-09,coverity,10
88,2015-05,coverity,2
94,2015-11,coverity,2
98,2016-03,coverity,4
99,2016-04,coverity,5
101,2016-06,coverity,1
104,2016-09,coverity,1
28,2010-01,cppcheck,1
29,2010-02,cppcheck,1
30,2010-03,cppcheck,2
40,2011-01,cppcheck,1
73,2014-02,cppcheck,2
76,2014-05,cppcheck,2
77,2014-06,cppcheck,1
79,2014-08,cppcheck,2
90,2015-07,cppcheck,1
96,2016-01,cppcheck,1
97,2016-02,kasan,1
26,2009-11,linux driver verification,3
40,2011-01,linux driver verification,1
42,2011-03,linux driver verification,1
43,2011-04,linux driver verification,1
44,2011-05,linux driver verification,3
45,2011-06,linux driver verification,4
46,2011-07,linux driver verification,1
47,2011-08,linux driver verification,8
50,2012-02,linux driver verification,1
51,2012-03,linux driver verification,2
52,2012-04,linux driver verification,1
54,2012-07,linux driver verification,1
55,2012-08,linux driver verification,16
56,2012-09,linux driver verification,7
57,2012-10,linux driver verification,1
58,2012-11,linux driver verification,4
59,2012-12,linux driver verification,1
60,2013-01,linux driver verification,5
61,2013-02,linux driver verification,8
62,2013-03,linux driver verification,3
63,2013-04,linux driver verification,5
64,2013-05,linux driver verification,11
65,2013-06,linux driver verification,11
66,2013-07,linux driver verification,5
67,2013-08,linux driver verification,4
68,2013-09,linux driver verification,5
69,2013-10,linux driver verification,6
70,2013-11,linux driver verification,3
71,2013-12,linux driver verification,3
72,2014-01,linux driver verification,5
73,2014-02,linux driver verification,3
74,2014-03,linux driver verification,4
75,2014-04,linux driver verification,2
76,2014-05,linux driver verification,4
77,2014-06,linux driver verification,4
78,2014-07,linux driver verification,4
79,2014-08,linux driver verification,2
80,2014-09,linux driver verification,4
81,2014-10,linux driver verification,4
82,2014-11,linux driver verification,4
83,2014-12,linux driver verification,3
84,2015-01,linux driver verification,3
85,2015-02,linux driver verification,3
86,2015-03,linux driver verification,4
87,2015-04,linux driver verification,4
88,2015-05,linux driver verification,2
89,2015-06,linux driver verification,1
90,2015-07,linux driver verification,1
91,2015-08,linux driver verification,3
92,2015-09,linux driver verification,2
93,2015-10,linux driver verification,3
94,2015-11,linux driver verification,4
95,2015-12,linux driver verification,3
96,2016-01,linux driver verification,2
97,2016-02,linux driver verification,3
98,2016-03,linux driver verification,2
99,2016-04,linux driver verification,4
100,2016-05,linux driver verification,1
101,2016-06,linux driver verification,2
102,2016-07,linux driver verification,1
103,2016-08,linux driver verification,3
104,2016-09,linux driver verification,1
19,2009-03,smatch,1
20,2009-04,smatch,12
21,2009-05,smatch,1
23,2009-07,smatch,3
24,2009-08,smatch,1
25,2009-09,smatch,1
26,2009-11,smatch,4
29,2010-02,smatch,1
30,2010-03,smatch,1
60,2013-01,smatch,3
70,2013-11,smatch,1
73,2014-02,smatch,1
74,2014-03,smatch,1
79,2014-08,smatch,1
86,2015-03,smatch,1
87,2015-04,smatch,1
93,2015-10,smatch,1
97,2016-02,smatch,2
99,2016-04,smatch,2
1,2005-09,sparse,3
4,2006-09,sparse,1
5,2006-10,sparse,3
9,2007-08,sparse,1
12,2008-04,sparse,3
13,2008-06,sparse,1
15,2008-08,sparse,2
16,2008-09,sparse,1
17,2008-11,sparse,1
18,2008-12,sparse,1
19,2009-03,sparse,1
22,2009-06,sparse,1
27,2009-12,sparse,1
28,2010-01,sparse,1
29,2010-02,sparse,1
36,2010-09,sparse,1
38,2010-11,sparse,2
39,2010-12,sparse,4
40,2011-01,sparse,2
41,2011-02,sparse,1
42,2011-03,sparse,2
55,2012-08,sparse,1
59,2012-12,sparse,1
61,2013-02,sparse,8
68,2013-09,sparse,1
71,2013-12,sparse,1
75,2014-04,sparse,2
77,2014-06,sparse,1
78,2014-07,sparse,1
80,2014-09,sparse,2
81,2014-10,sparse,3
83,2014-12,sparse,2
86,2015-03,sparse,1
89,2015-06,sparse,1
91,2015-08,sparse,2
92,2015-09,sparse,1
93,2015-10,sparse,3
95,2015-12,sparse,1
97,2016-02,sparse,1
99,2016-04,sparse,1
95,2015-12,strace,1
97,2016-02,strace,1
99,2016-04,strace,1
100,2016-05,strace,1
95,2015-12,syzkaller,2
98,2016-03,syzkaller,1
100,2016-05,syzkaller,1
101,2016-06,syzkaller,2
102,2016-07,syzkaller,1
